DELETE FROM Activity_Code_Table;
DELETE FROM Event_Information;
DELETE FROM Offer_Code_Table;
DELETE FROM DEALER_INFO;
DELETE FROM STATE_CODE_DESCRIPTION;
DELETE FROM COUNTRY_CODE_INFO;
DELETE FROM Dealer_Employee_Table;
DELETE FROM Dealer_Location;
DELETE FROM DEALER_BRANDS;
DELETE FROM CUSTOMER_TABLE;
DELETE FROM Interested_Customer_Table;
DELETE FROM Customer_Address;
DELETE FROM CUSTOMER_EMAIL;
DELETE FROM Customer_Phone;
DELETE FROM Event_Table;
DELETE FROM Customer_Not_Interest_Brand;
DELETE FROM Coupon_Code_Table;
DELETE FROM Non_Owner_Table;
DELETE FROM Vehicle_Colour_Code_Table;
DELETE FROM Vehicle_Info;
DELETE FROM Vehicle_Price;
DELETE FROM Owner_Table;
DELETE FROM Service_Center_Information;
DELETE FROM Mechanic_Details_Table;
DELETE FROM Service_Customer_Table;

INSERT INTO Activity_Code_Table VALUES(101,'Opened the website','2022-04-21','2022-04-21');
INSERT INTO Activity_Code_Table VALUES(102,'Clicked on the autombile image','2022-04-21','2022-04-21');
INSERT INTO Activity_Code_Table VALUES(103,'Selected Buy option','2022-04-21','2022-04-21');
INSERT INTO Activity_Code_Table VALUES(104,'Selected Add to Cart option','2022-04-21','2022-04-21');


INSERT INTO Event_Information VALUES(201,'Grand Opening of "PROJECT22" Car at UNT mall','2022-04-21');
INSERT INTO Event_Information VALUES(202,'Test Drive of Project car near UNT mall','2022-04-21');
INSERT INTO Event_Information VALUES(203,'Cars Exhibition in Life Science grounds','2022-04-21');
INSERT INTO Event_Information VALUES(204,'UNT Spring 2022 Car show','2022-04-21');

INSERT INTO Offer_Code_Table VALUES('OFF1','Instant 10% Cashback on all accessories','2022-04-21','2022-04-21');
INSERT INTO Offer_Code_Table VALUES('OFF2','Sell your old automobile and get exciting offers on downpayment and free gifts','2022-04-21','2022-04-21');
INSERT INTO Offer_Code_Table VALUES('OFF3','0% APR Finance deals','2022-04-21','2022-04-21');
INSERT INTO Offer_Code_Table VALUES('OFF4','SALE DAY','2022-04-21','2022-04-21');
INSERT INTO Offer_Code_Table VALUES('OFF5','20% off on you Next Car Leasing','2022-04-21','2022-04-21');
INSERT INTO Offer_Code_Table VALUES('NULL','NO OFFER','2022-04-21','2022-04-21');

INSERT INTO DEALER_INFO VALUES (6501,'Spring-2022-CSCE5350_118','Sales',4,10,5,'M-F 10 AM to 5 PM','');
INSERT INTO DEALER_INFO VALUES (6502,'Spring-2022-CSCE5350_119','Service',7,5,7,'M-F 10 AM to 5 PM','SAT,SUN 10 AM TO 3 PM');
INSERT INTO DEALER_INFO VALUES (6503,'Spring-2022-CSCE5350_120','Sales.Service',5,7,5,'M-F 10 AM to 5 PM','');

INSERT INTO STATE_CODE_DESCRIPTION VALUES('TX','Texas','2022-04-21','2022-04-21');
INSERT INTO STATE_CODE_DESCRIPTION VALUES('CA','California','2022-04-21','2022-04-21');
INSERT INTO STATE_CODE_DESCRIPTION VALUES('FL','Florida','2022-04-21','2022-04-21');
INSERT INTO STATE_CODE_DESCRIPTION VALUES('HI','Hawaii','2022-04-21','2022-04-21');
INSERT INTO STATE_CODE_DESCRIPTION VALUES('IN','Indiana','2022-04-21','2022-04-21');
INSERT INTO STATE_CODE_DESCRIPTION VALUES('NJ','New Jersey','2022-04-21','2022-04-21');
INSERT INTO STATE_CODE_DESCRIPTION VALUES('NY','New York','2022-04-21','2022-04-21');
INSERT INTO STATE_CODE_DESCRIPTION VALUES('NC','North Carolina','2022-04-21','2022-04-21');
INSERT INTO STATE_CODE_DESCRIPTION VALUES('WA','Washington','2022-04-21','2022-04-21');
INSERT INTO STATE_CODE_DESCRIPTION VALUES('WI','Wisconsin','2022-04-21','2022-04-21');
INSERT INTO STATE_CODE_DESCRIPTION VALUES('OH','Ohio','2022-04-21','2022-04-21');

INSERT INTO COUNTRY_CODE_INFO VALUES('US','United States of America','2022-04-21','2022-04-21');
INSERT INTO COUNTRY_CODE_INFO VALUES('AU','Australia','2022-04-21','2022-04-21');
INSERT INTO COUNTRY_CODE_INFO VALUES('GB','United Kingdom','2022-04-21','2022-04-21');

INSERT INTO Dealer_Employee_Table VALUES(7501,6501,'Lonnie E. Stone','Quinn N. Canada','$77,151','4008 Blane Street','Atlanta','TX','US',10573);
INSERT INTO Dealer_Employee_Table VALUES(7502,6502,'David M. Kennedy','Quinn N. Canada','$25,700','3802 Neuport Lane','Mount Sinai','CA','US',45846);
INSERT INTO Dealer_Employee_Table VALUES(7503,6503,'Robert R. Butler','Quinn N. Canada','$85,700','643 Ryder Avenue','Yonkers','FL','US',97205);
INSERT INTO Dealer_Employee_Table VALUES(7504,6502,'Angie C. McDonald','Lauren R. Marts','$70,700','425 Zappia Drive','','HI','US',77073);
INSERT INTO Dealer_Employee_Table VALUES(7505,6501,'Lauren R. Marts','Jonathan C. Grafton','$130,700','1910 Jennifer Lane','','IN','US',02169);
INSERT INTO Dealer_Employee_Table VALUES(7506,6502,'Bruno H. Lewis','Lauren R. Marts','$100,700','904 Red Hawk Road','Port Chester','NJ','US',34471);
INSERT INTO Dealer_Employee_Table VALUES(7507,6503,'Quinn N. Canada','Jonathan C. Grafton','$115,700','4974 Small Street','','NY','US',19034);
INSERT INTO Dealer_Employee_Table VALUES(7508,6501,'Georgia R. Clark','Lauren R. Marts','$82,620','642 Tenmile','','NC','US',55016);
INSERT INTO Dealer_Employee_Table VALUES(7509,6502,'Sheila H. Davis','Lauren R. Marts','$98,910','847 Java Lane','Meridian','WA','US',13452);
INSERT INTO Dealer_Employee_Table VALUES(7510,6503,'Jonathan C. Grafton','','$145,700','1726 Fowler Avenue','','WI','US',92618);

INSERT INTO Dealer_Location VALUES(6501,1,'12234 ,Street project22','','TX','US',75056);
INSERT INTO Dealer_Location VALUES(6501,2,'9445 North Mayfield St.','Colonial Heights','TX','US',23834);
INSERT INTO Dealer_Location VALUES(6502,1,'2108 ,Street dbms','','CA','US',90224);
INSERT INTO Dealer_Location VALUES(6503,1,'5401 ,Street teamproject','Apt 6','FL','US',32808);

INSERT INTO DEALER_BRANDS VALUES(6501,'ABC');
INSERT INTO DEALER_BRANDS VALUES(6501,'XYZ');
INSERT INTO DEALER_BRANDS VALUES(6501,'UVW');
INSERT INTO DEALER_BRANDS VALUES(6501,'PRQ');
INSERT INTO DEALER_BRANDS VALUES(6502,'ABC');
INSERT INTO DEALER_BRANDS VALUES(6502,'XYZ');
INSERT INTO DEALER_BRANDS VALUES(6502,'UVW');
INSERT INTO DEALER_BRANDS VALUES(6502,'PRQ');
INSERT INTO DEALER_BRANDS VALUES(6502,'DEF');
INSERT INTO DEALER_BRANDS VALUES(6502,'PQR');
INSERT INTO DEALER_BRANDS VALUES(6502,'STU');
INSERT INTO DEALER_BRANDS VALUES(6503,'DEF');
INSERT INTO DEALER_BRANDS VALUES(6503,'PQR');
INSERT INTO DEALER_BRANDS VALUES(6503,'XYZ');
INSERT INTO DEALER_BRANDS VALUES(6503,'UVW');
INSERT INTO DEALER_BRANDS VALUES(6503,'STU');

INSERT INTO CUSTOMER_TABLE VALUES(99105101,'Spring-2022-CSCE5350_101',6501,7501,'SAI DEV PRAKASH JANAPAREDDI',25,'M','$112000','Y','OFF1','2022-04-21');
INSERT INTO CUSTOMER_TABLE VALUES(99105102,'Spring-2022-CSCE5350_102',6503,7510,'SRI HARSHA SWARAJ NADENDLA',22,'M','$112000','Y','OFF2','2022-04-21');
INSERT INTO CUSTOMER_TABLE VALUES(99105103,'Spring-2022-CSCE5350_103',6502,7502,'SRI PRANAY NAGAVOLU',26,'M','$100200','Y','OFF3','2022-04-21');
INSERT INTO CUSTOMER_TABLE VALUES(99105104,'Spring-2022-CSCE5350_104',6503,7503,'GEETHANJALI KOTARU',20,'F','$123000','N','NULL','2022-04-21');
INSERT INTO CUSTOMER_TABLE VALUES(99105105,'Spring-2022-CSCE5350_105',6501,7505,'MOULYA MUSUNURU',27,'F','$154000','Y','OFF4','2022-04-21');
INSERT INTO CUSTOMER_TABLE VALUES(99105106,'Spring-2022-CSCE5350_106',6503,7503,'TEJASWI GUTHA',21,'F','$135000','Y','OFF5','2022-04-21');
INSERT INTO CUSTOMER_TABLE VALUES(99105107,'Spring-2022-CSCE5350_107',6503,7507,'HRITHIK ROSHAN',24,'M','$1250600','N','NULL','2022-04-21');
INSERT INTO CUSTOMER_TABLE VALUES(99105108,'Spring-2022-CSCE5350_108',6502,7506,'RAJESH KOTHRAPPALI',30,'M','$2350906','N','NULL','2022-04-21');
INSERT INTO CUSTOMER_TABLE VALUES(99105109,'Spring-2022-CSCE5350_109',6503,7510,'SHELDON LEE COOPER',36,'M','$3421223','Y','OFF1','2022-04-21');
INSERT INTO CUSTOMER_TABLE VALUES(99105110,'Spring-2022-CSCE5350_110',6501,7508,'LENORD HOFSTADTER',32,'M','$2342445','Y','OFF2','2022-04-21');
INSERT INTO CUSTOMER_TABLE VALUES(99105111,'Spring-2022-CSCE5350_111',6502,7509,'HOWARD WOLOWITZ',35,'M','$5321050','N','NULL','2022-04-21');

INSERT INTO Interested_Customer_Table VALUES (5001,99105101,101,'Y',99105201,'ABC',2022,'USED');
INSERT INTO Interested_Customer_Table VALUES (5002,99105102,104,'Y',99105202,'XYZ',2021,'USED');
INSERT INTO Interested_Customer_Table VALUES (5003,99105103,102,'N',NULL,'UVW',2019,'NEW');
INSERT INTO Interested_Customer_Table VALUES (5004,99105104,103,'Y',99105204,'PRQ',2022,'NEW');
INSERT INTO Interested_Customer_Table VALUES (5005,99105105,104,'Y',99105205,'DEF',2017,'USED');
INSERT INTO Interested_Customer_Table VALUES (5006,99105106,101,'N',NULL,'ABC',2022,'USED');
INSERT INTO Interested_Customer_Table VALUES (5007,99105107,102,'N',NULL,'PQR',2021,'NEW');

INSERT INTO Customer_Address VALUES(99105101,99100101,'101 Street 5101','Apt 101','TX',76201,'2022-04-21');
INSERT INTO Customer_Address VALUES(99105102,99100101,'102 Street 5102','Apt 102','TX',73301,'2022-04-21');
INSERT INTO Customer_Address VALUES(99105101,99100102,'101 Street 5101','Apt 103','CA',94203,'2022-04-21');
INSERT INTO Customer_Address VALUES(99105103,99100103,'103 Street 5103','Apt 104','FL',32301,'2022-04-21');
INSERT INTO Customer_Address VALUES(99105104,99100104,'104 Street 5104','Apt 105','HI',96801,'2022-04-21');
INSERT INTO Customer_Address VALUES(99105105,9910010,'105 Street 5105','Apt 106','IN',46201,'2022-04-21');
INSERT INTO Customer_Address VALUES(99105106,99100106,'106 Street 5106','Apt 107','NJ',08601,'2022-04-21');
INSERT INTO Customer_Address VALUES(99105107,99100107,'107 Street 5107','Apt 108','NY',12201,'2022-04-21');
INSERT INTO Customer_Address VALUES(99105108,99100108,'108 Street 5108','Apt 109','NC',27601,'2022-04-21');
INSERT INTO Customer_Address VALUES(99105109,99100109,'109 Street 5109','Apt 110','WA',98501,'2022-04-21');
INSERT INTO Customer_Address VALUES(99105110,99100110,'110 Street 5110','Apt 111','WI',53701,'2022-04-21');
INSERT INTO Customer_Address VALUES(99105111,99100110,'111 Street 5111','Apt 112','OH',43201,'2022-04-21');

INSERT INTO CUSTOMER_EMAIL VALUES (99105101,'99105101@xyz.com','N','2022-04-21','2022-04-21');
INSERT INTO CUSTOMER_EMAIL VALUES (99105102,'99105102@xyz.com','N','2022-04-21','2022-04-21');
INSERT INTO CUSTOMER_EMAIL VALUES (99105103,'99105103@xyz.com','N','2022-04-21','2022-04-21');
INSERT INTO CUSTOMER_EMAIL VALUES (99105104,'99105104@xyz.com','O','2022-04-21','2022-04-21');
INSERT INTO CUSTOMER_EMAIL VALUES (99105105,'99105105@xyz.com','O','2022-04-21','2022-04-21');
INSERT INTO CUSTOMER_EMAIL VALUES (99105106,'99105106@xyz.com','N','2022-04-21','2022-04-21');
INSERT INTO CUSTOMER_EMAIL VALUES (99105107,'99105107@xyz.com','O','2022-04-21','2022-04-21');
INSERT INTO CUSTOMER_EMAIL VALUES (99105108,'99105108@xyz.com','N','2022-04-21','2022-04-21');
INSERT INTO CUSTOMER_EMAIL VALUES (99105109,'99105109@xyz.com','O','2022-04-21','2022-04-21');
INSERT INTO CUSTOMER_EMAIL VALUES (99105110,'99105110@xyz.com','O','2022-04-21','2022-04-21');
INSERT INTO CUSTOMER_EMAIL VALUES (99105111,'99105111@xyz.com','N','2022-04-21','2022-04-21');

INSERT INTO `Customer_Phone` VALUES(99105101,'P','US',123,456,7890,'2022-04-21','2022-04-21');
INSERT INTO `Customer_Phone` VALUES(99105102,'O','AU',234,567,8901,'2022-04-21','2022-04-21');
INSERT INTO `Customer_Phone` VALUES(99105101,'O','GB',345,678,9012,'2022-04-21','2022-04-21');
INSERT INTO `Customer_Phone` VALUES(99105103,'P','US',456,789,0123,'2022-04-21','2022-04-21');
INSERT INTO `Customer_Phone` VALUES(99105104,'P','AU',567,890,1234,'2022-04-21','2022-04-21');
INSERT INTO `Customer_Phone` VALUES(99105105,'O','GB',678,901,2345,'2022-04-21','2022-04-21');
INSERT INTO `Customer_Phone` VALUES(99105106,'O','US',789,012,3456,'2022-04-21','2022-04-21');
INSERT INTO `Customer_Phone` VALUES(99105107,'P','AU',890,123,4567,'2022-04-21','2022-04-21');
INSERT INTO `Customer_Phone` VALUES(99105108,'O','GB',901,234,5678,'2022-04-21','2022-04-21');
INSERT INTO `Customer_Phone` VALUES(99105109,'P','US',012,345,6789,'2022-04-21','2022-04-21');
INSERT INTO `Customer_Phone` VALUES(99105110,'O','AU',999,999,9999,'2022-04-21','2022-04-21');
INSERT INTO `Customer_Phone` VALUES(99105111,'P','GB',111,111,1111,'2022-04-21','2022-04-21');

INSERT INTO `Event_Table` VALUES(201,99105105,'2022-01-18','ABC','ABC101');
INSERT INTO `Event_Table` VALUES(204,99105106,'2022-04-25','XYZ','XYZ104');
INSERT INTO `Event_Table` VALUES(202,99105107,'2022-03-20','UVW','UVW102');
INSERT INTO `Event_Table` VALUES(203,99105108,'2022-03-20','PRQ','PRQ103');
INSERT INTO `Event_Table` VALUES(203,99105109,'2022-03-20','DEF','DEF103');
INSERT INTO `Event_Table` VALUES(204,99105110,'2022-04-25','UVW','UVW104');
INSERT INTO `Event_Table` VALUES(202,99105111,'2022-01-18','XYZ','XYZ102');

INSERT INTO `Customer_Not_Interest_Brand` VALUES(99105102,'DEF','N','2022-04-21','2022-04-21');
INSERT INTO `Customer_Not_Interest_Brand` VALUES(99105103,'PRQ','O','2022-04-21','2022-04-21');
INSERT INTO `Customer_Not_Interest_Brand` VALUES(99105107,'PRQ','N','2022-04-21','2022-04-21');
INSERT INTO `Customer_Not_Interest_Brand` VALUES(99105110,'XYZ','O','2022-04-21','2022-04-21');

INSERT INTO `Coupon_Code_Table` VALUES('ABC101','15% for attending Grand Opening of Project22 Car ','2022-01-18','2022-02-18');
INSERT INTO `Coupon_Code_Table` VALUES('XYZ104','Free 1 Year Insurance','2022-04-25','2022-05-25');
INSERT INTO `Coupon_Code_Table` VALUES('UVW102','Instant 1500$ Cashback','2022-01-18','2022-01-31');
INSERT INTO `Coupon_Code_Table` VALUES('PRQ103','No Charge of Oil for 1st Servicing','2022-03-20','2022-04-20');
INSERT INTO `Coupon_Code_Table` VALUES('DEF103','Prime custome for Attending Exhibition ','2022-03-20','2022-04-05');
INSERT INTO `Coupon_Code_Table` VALUES('UVW104','Student Offer of Car Leasing','2022-04-25','2022-04-25');
INSERT INTO `Coupon_Code_Table` VALUES('XYZ102','Free Gift Hamper for Test Driving ','2022-01-18','2022-12-21');
INSERT INTO `Coupon_Code_Table` VALUES('NULL','No Coupon','2022-01-18','2022-12-21');


INSERT INTO Non_Owner_Table VALUES(99105105,6501,'ABC',2022,'USED','Y','ABC101');
INSERT INTO Non_Owner_Table VALUES(99105108,6502,'XYZ',2021,'USED','Y','XYZ104');
INSERT INTO Non_Owner_Table VALUES(99105110,6503,'UVW',2019,'NEW','N','NULL');

INSERT INTO `Vehicle_Colour_Code_Table` VALUES('N5M','Himalayan Gray Metallic','2022-04-21','2022-04-21');
INSERT INTO `Vehicle_Colour_Code_Table` VALUES('PH3','New Black Metallic/Vik Black Metallic','2022-04-21','2022-04-21');
INSERT INTO `Vehicle_Colour_Code_Table` VALUES('PBM','Ocean Blue Metallic','2022-04-21','2022-04-21');
INSERT INTO `Vehicle_Colour_Code_Table` VALUES('SWP','Snow White Pearl','2022-04-21','2022-04-21');
INSERT INTO `Vehicle_Colour_Code_Table` VALUES('B600M','Steel Sapphire Metallic','2022-04-21','2022-04-21');
INSERT INTO `Vehicle_Colour_Code_Table` VALUES('LPM','Iconic Silver Metallic','2022-04-21','2022-04-21');
INSERT INTO `Vehicle_Colour_Code_Table` VALUES('GCQ','Sunset Gold Metallic','2022-04-21','2022-04-21');
INSERT INTO `Vehicle_Colour_Code_Table` VALUES('Y9T','Mythosschwarz Metallic','2022-04-21','2022-04-21');

INSERT INTO `Vehicle_Info` VALUES('VIN99105101','ABC','MDLS','Model S','2022','USED','N5M','ALL-SEASON','2022-04-21','2022-04-21');
INSERT INTO `Vehicle_Info` VALUES('VIN99105102','XYZ','MS03','Model 3','2021','USED','PH3','COMPETITION','2022-04-21','2022-04-21');
INSERT INTO `Vehicle_Info` VALUES('VIN99105103','UVW','MDLX','Model X','2019','NEW','PBM','PASSENGER','2022-04-21','2022-04-21');
INSERT INTO `Vehicle_Info` VALUES('VIN99105104','PRQ','MDLY','Model Y','2022','NEW','SWP','PERFORMANCE','2022-04-21','2022-04-21');
INSERT INTO `Vehicle_Info` VALUES('VIN99105106','DEF','REAP','Model 3/Y','2017','USED','B600M','TOURING','2022-04-21','2022-04-21');
INSERT INTO `Vehicle_Info` VALUES('VIN99105107','ABC','REEU','Model 3/X','2022','USED','LPM','ALL-TERRAIN','2022-04-21','2022-04-21');
INSERT INTO `Vehicle_Info` VALUES('VIN99105109','PQR','ACL1','5S','2021','NEW','GCQ','MUD-TERRAIN','2022-04-21','2022-04-21');
INSERT INTO `Vehicle_Info` VALUES('VIN99105111','STU','APBS','6S','2022','NEW','Y9T','ATV/UTV','2022-04-21','2022-04-21');

INSERT INTO Vehicle_Price VALUES('VIN99105101','2022-12-18','USED','$51,200');
INSERT INTO Vehicle_Price VALUES('VIN99105102','2021-06-29','USED','$77,512');
INSERT INTO Vehicle_Price VALUES('VIN99105103','2019-09-22','NEW','$102,343');
INSERT INTO Vehicle_Price VALUES('VIN99105104','2022-09-17','NEW','$89,234');
INSERT INTO Vehicle_Price VALUES('VIN99105106','2017-01-31','USED','$47,000');
INSERT INTO Vehicle_Price VALUES('VIN99105107','2022-07-11','USED','$33,710');
INSERT INTO Vehicle_Price VALUES('VIN99105109','2021-07-15','NEW','$38,160');
INSERT INTO Vehicle_Price VALUES('VIN99105111','2022-06-12','NEW','$47,640');

INSERT INTO Owner_Table VALUES('99105101','VIN99105101',7505,'SAI DEV PRAKASH JANAPAREDDI',25,'M','$112000','Y','OFF1','2022-04-21');
INSERT INTO Owner_Table VALUES('99105102','VIN99105102',7501,'SRI HARSHA SWARAJ NADENDLA',22,'M','$112000','Y','OFF2','2022-04-21');
INSERT INTO Owner_Table VALUES('99105103','VIN99105103',7510,'SRI PRANAY NAGAVOLU',26,'M','$100200','Y','OFF3','2022-04-21');
INSERT INTO Owner_Table VALUES('99105104','VIN99105104',7506,'GEETHANJALI KOTARU',20,'F','$123000','N','NULL','2022-04-21');
INSERT INTO Owner_Table VALUES('99105106','VIN99105106',7505,'TEJASWI GUTHA',21,'F','$135000','Y','OFF5','2022-04-21');
INSERT INTO Owner_Table VALUES('99105107','VIN99105107',7502,'HRITHIK ROSHAN',24,'M','$1250600','N','NULL','2022-04-21');
INSERT INTO Owner_Table VALUES('99105109','VIN99105109',7503,'SHELDON LEE COOPER',36,'M','$3421223','Y','OFF1','2022-04-21');
INSERT INTO Owner_Table VALUES('99105111','VIN99105111',7509,'HOWARD WOLOWITZ',35,'M','$5321050','N','NULL','2022-04-21');

INSERT INTO Service_Center_Information VALUES('SERV1','Service Center 1','6501,6502,6503','12234 ,Street project22','','TX','US','75056','General Service,Oil/oil filter changed,Wiper blades replacement,Basic Oil Change');
INSERT INTO Service_Center_Information VALUES('SERV2','Service Center 2','6502,6503','2108 ,Street dbms','','CA','US','90224','General Service,Antifreeze,Battery replacement,Front End Alignment'); 
INSERT INTO Service_Center_Information VALUES('SERV3','Service Center 3','6502','5401 ,Street teamproject','Apt 6','FL','US','32808','General Service,New tires,Brake Job Front (Resurface Rotors/Drums) ');

INSERT INTO Mechanic_Details_Table VALUES(5001,'Spring-2022-CSCE5350_113','SERV1,SERV2','Jake','Baker','777-777-7777','3916 Poplar Lane','Doral','FL','US','75056');
INSERT INTO Mechanic_Details_Table VALUES(5002,'Spring-2022-CSCE5350_114','SERV2','Matt','Wright','666-666-6666','4625 Copperhead Road','','HI','US','90224');
INSERT INTO Mechanic_Details_Table VALUES(5003,'Spring-2022-CSCE5350_115','SERV3,SERV1','Harry','MacDonald','444-444-4444','134 Walton Street','','IN','US','32808');
INSERT INTO Mechanic_Details_Table VALUES(5004,'Spring-2022-CSCE5350_116','SERV1,SERV2','Sebastian','Miller','989-989-9898','1721 Patterson Fork Road','','NJ','US','75056');
INSERT INTO Mechanic_Details_Table VALUES(5005,'Spring-2022-CSCE5350_117','SERV2,SERV3','Keith','Allan','868-868-8686','2224 Pride Avenue','','NY','US','90224');

INSERT INTO Service_Customer_Table VALUES('SERV1201',99105101,99105201,'VIN99105101','SERV1','Basic Oil Change','5001','2022-04-18','2022-04-18','$52.00');
INSERT INTO Service_Customer_Table VALUES('SERV1202',99105102,99105202,'VIN99105102','SERV2','Front End Alignment ','5002','2022-01-04','2022-04-15','$109.95');
INSERT INTO Service_Customer_Table VALUES('SERV1203',99105104,99105204,'VIN99105104','SERV3','Brake Job Front (Resurface Rotors/Drums) ','5003','2022-04-25','2022-04-25','$207.95');
	

INSERT INTO Cust_Buy_Info (
select 
A.Vehicle_Identification_Number,Vehicle_Brand_Code,Vehicle_Model_Code,Vehicle_Model_Sub_Code,Vehicle_Model_Year
,Type_of_Vehicle_Code,B.Colour_Description,A.Type_of_Tyre
,C.Price 
FROM Vehicle_Info A 
inner join Vehicle_Colour_Code_Table B ON A.Vehicle_Colour_Code=B.Vehicle_Colour_Code
INNER JOIN Vehicle_Price C ON A.Vehicle_Identification_Number=C.Vehicle_Identification_Number
##where Vehicle_Identification_Number=''
)